name,id,description,url,sequence,lastImportData
Category,0,category page,/crate-kitchen/appetizer-recipes/,1,3/16/2023 10:23:12
Category,0,category page,/crate-kitchen/dessert-recipes/,2,3/16/2023 10:23:12
Category,0,category page,/crate-kitchen/drink-recipes/,3,3/16/2023 10:23:12
Category,0,category page,/crate-kitchen/entree-recipes/,4,3/16/2023 10:23:12
Category,0,category page,/wedding-gift-registry/wedding-guides/,1,3/16/2023 10:23:12
CategoryCollection,0,product listing collection,/dining-and-entertaining/dinnerware-collections/,1,3/16/2023 10:23:12
CategoryCollection,0,product listing collection,/dining-and-entertaining/drinkware-collections/,2,3/16/2023 10:23:12
CategoryCollection,0,product listing collection,/dining-and-entertaining/serveware-collections/,1,3/16/2023 10:23:12
CategoryCollectionFurniture,0,product listing collection furniture,/shop-by-room/dining-room/,1,3/16/2023 10:23:12
CategoryCollectionFurniture,0,product listing collection furniture,/shop-by-room/living-room/,2,3/16/2023 10:23:12
CategoryCollectionFurniture,0,product listing collection furniture,/shop-by-room/outdoor/,3,3/16/2023 10:23:12
CategoryCollectionFurniture,0,product listing collection furniture,/shop-by-room/workspace/,4,3/16/2023 10:23:12
CategoryKids,0,category page kids,/kids/clearance-kids/,1,3/16/2023 10:23:12
CategoryKids,0,category page kids,/kids/favorite-kids-gifts/,1,3/16/2023 10:23:12
CategoryKids,0,category page kids,/kids/kids-gifts-by-age/,1,3/16/2023 10:23:12
CategoryKids,0,category page kids,/kids/kids-gifts-by-recipient/,2,3/16/2023 10:23:12
Default PDP-MTO-DeliveryTerms,123177,Cambria Boucle 3-Piece Corner Sectional Sofa,/cambria-boucle-3-piece-corner-sectional-sofa/s123177,1,
Default PDP-REF-DeliveryTerms,122104,Pacific 103" Deep-Seat Grande Sofa with Wood Legs,/pacific-103-deep-seat-grande-sofa-with-wood-legs/s122104,5,
Default PDP-REF-DeliveryTerms,171678,Jesper 84" Mid-Century Sofa,/jesper-84-mid-century-sofa/s171678,3,
Default PDP-REF-DeliveryTerms,171901,Jesper Small Space Mid-Century Sofa,/jesper-small-space-mid-century-sofa/s171901,2,
Default PDP-REF-DeliveryTerms,181614,Jesper Mid-Century Loveseat,/jesper-mid-century-loveseat/s181614,1,
Default PDP-REF-DeliveryTerms,376679,Gather Deep 3-Piece U-Shaped Sectional Sofa,/gather-deep-3-piece-u-shaped-sectional-sofa/s376679,4,
Landing,0,landing,/couples-resorts,1,3/16/2023 10:23:12
Landing,0,landing,/design-services-form,1,3/16/2023 10:23:12
Landing,0,landing,/design-studio-debug-questionnaire,1,3/16/2023 10:23:12
Landing,0,landing,/on-the-move,1,3/16/2023 10:23:12
Landing,0,landing,/site-index,1,3/16/2023 10:23:12
Landing,0,landing,/Sweeps,1,3/16/2023 10:23:12
mPdpDetail,11097,family,/bodum-pavina-double-wall-glass-tumblers/f11097,1,3/16/2023 10:23:12
mPdpDetail,3079,family,/heritage-hill-glass-jars-with-lids/f3079,1,3/16/2023 10:23:12
mPdpDetail,3862,family,/oxo-stainless-and-nylon-tongs/f3862,1,3/16/2023 10:23:12
mPdpDetail,6608,family,/dylan-glasses/f6608,1,3/16/2023 10:23:12
mPdpDetail,9592,family,/callaway-glasses/f9592,1,3/16/2023 10:23:12
mPdpDetailKids,1000076,family kids,/kids-canyon-natural-wide-dresser-by-leanne-ford/f1000076,1,3/16/2023 10:23:12
mPdpDetailKids,81116,family kids,/joya-nursery-rocking-chair-and-ottoman/f81116,1,3/16/2023 10:23:12
mPdpDetailKids,82128,family kids,/roxy-marj-woodland-animal-crib-baby-bedding-set/f82128,1,3/16/2023 10:23:12
mPdpDetailKids,88829,family kids,/white-campaign-baby-crib/f88829,1,3/16/2023 10:23:12
mPdpDetailKids,94469,family kids,/pehr-pom-pom-drum-bins/f94469,1,3/16/2023 10:23:12
mPdpGrouper,1691,family grouper,/impressions-glasses/f1691,1,3/16/2023 10:23:12
mPdpGrouper,6390,family grouper,/strauss-glasses/f6390,1,3/16/2023 10:23:12
mPdpGrouper,6633,family grouper,/edge-wine-glasses/f6633,1,3/16/2023 10:23:12
mPdpGrouper,8512,family grouper,/basque-honey-dining-tables/f8512,1,3/16/2023 10:23:12
mPdpGrouper,9086,family grouper,/aspen-stemless-wine-glasses/f9086,1,3/16/2023 10:23:12
mPdpGrouperKids,76841,family grouper kids,/kids-cargo-dark-grey-desk-and-hutch/f76841,1,3/16/2023 10:23:12
mPdpGrouperKids,76842,family grouper kids,/kids-cargo-white-desk-and-hutch/f76842,2,3/16/2023 10:23:12
mPdpGrouperKids,78344,family grouper kids,/baby-registry-faves-under-100/f78344,1,3/16/2023 10:23:12
mPdpGrouperKids,78353,family grouper kids,/favorite-baby-toys/f78353,1,3/16/2023 10:23:12
mPdpGrouperKids,78895,family grouper kids,/district-2-cube-warm-white-stackable-bookcase/f78895,1,3/16/2023 10:23:12
mPdpSor,60880,family sor,/colette-upholstered-bed-52.5/f60880,1,3/16/2023 10:23:12
mPdpSor,66432,family sor,/tate-upholstered-bed-45/f66432,1,3/16/2023 10:23:12
mPdpSor,69988,family sor,/miles-upholstered-stools/f69988,1,3/16/2023 10:23:12
mPdpSor,72748,family sor,/colette-upholstered-headboard-60/f72748,3,3/16/2023 10:23:12
mPdpSor,72923,family sor,/colette-upholstered-headboard-52.5/f72923,2,3/16/2023 10:23:12
mPdpSorKids,76906,family sor kids,/milo-nursery-glider-chair-and-ottoman/f76906,1,3/16/2023 10:23:12
mPdpSorKids,76940,family sor kids,/milo-nursery-glider-chair-and-ottoman/f76940,2,3/16/2023 10:23:12
mPdpSorKids,81118,family sor kids,/joya-nursery-rocking-chair-and-ottoman/f81118,1,3/16/2023 10:23:12
mPdpSuperSor,1012257,family super sor,/pacific-leather-bench-sofa-with-wood-legs/f1012257,1,3/16/2023 10:23:12
PdpContent-MTO-DeliveryTerms,420056,Amna Ottoman,/amna-ottoman/s420056,1,
PdpContent-MTO-DeliveryTerms,472478,Powell Grey Leather Wingback Lounge Chair,/powell-grey-leather-wingback-lounge-chair/s472478,2,
PdpContent-REF-DeliveryTerms,122187,Pacific Deep-Seat Armless Sofa with Wood Legs,/pacific-deep-seat-armless-sofa-with-wood-legs/s122187,2,
PdpContent-REF-DeliveryTerms,122205,Pacific Leather Right-Arm Sofa with Wood Legs,/pacific-leather-right-arm-sofa-with-wood-legs/s122205,3,
PdpContent-REF-DeliveryTerms,122224,Pacific Leather Left-Arm Sofa with Wood Legs,/pacific-leather-left-arm-sofa-with-wood-legs/s122224,4,
PdpContent-REF-DeliveryTerms,122315,Pacific Leather Ottoman with Wood Legs,/pacific-leather-ottoman-with-wood-legs/s122315,5,
PdpContent-REF-DeliveryTerms,146138,Gather Deep Right-Arm Double-Wide Chaise Lounge,/gather-deep-right-arm-double-wide-chaise-lounge/s146138,1,
PdpContent-Stock-Delivery,131117,Alex Grey Velvet Accent Chair,/alex-grey-velvet-accent-chair/s131117,1,
PdpContent-Stock-Delivery,222233,Prairie 40" Woven Wood Storage Cabinet,/prairie-40-woven-wood-storage-cabinet/s222233,4,
PdpContent-Stock-Delivery,237058,Fuse Ottoman,/fuse-ottoman/s237058,3,
PdpContent-Stock-Delivery,244284,Shinola Michigan Ottoman,/shinola-michigan-ottoman/s244284,5,
PdpContent-Stock-Delivery,502031,Williams Accent Chair by Leanne Ford,/williams-accent-chair-by-leanne-ford/s502031,1,
PdpContent-Stock-Delivery,687213,Knot Rustic Dining Table,/knot-rustic-dining-table/s687213,2,
PdpDetail-EA-Ship,433014,Ooni Folding Table,/ooni-folding-table/s433014,1,
PdpDetail-EA-Ship,433030,Ooni Karu 16 Pizza Door,/ooni-karu-16-pizza-door/s433030,2,
PdpDetail-EA-Ship,439118,Large 16" Non-Stick Roaster,/large-16-non-stick-roaster/s439118,3,
PdpDetail-EA-Ship,444488,Britta Optic 3-Gallon Punch Bowl,/britta-optic-3-gallon-punch-bowl/s444488,4,
PdpDetail-EA-Ship,444589,Britta Optic Punch Cup,/britta-optic-punch-cup/s444589,5,
PdpDetail-EA-ShipTerms-Mono,115017,Wool "Joy" Christmas Stocking by Lucia Eames,/wool-joy-christmas-stocking-by-lucia-eames/s115017,3,
PdpDetail-EA-ShipTerms-Mono,115167,Wool Dove Christmas Stocking by Lucia Eames,/wool-dove-christmas-stocking-by-lucia-eames/s115167,1,
PdpDetail-EA-ShipTerms-Mono,115216,Sunburst Array Christmas Stocking by Lucia Eames,/sunburst-array-christmas-stocking-by-lucia-eames/s115216,2,
PdpDetail-MTO-DeliveryTerms,117314,Tavia Brass Console Table,/phillip-brass-console-table/s117314,2,
PdpDetail-MTO-DeliveryTerms,117490,Cecilia Raw Brass Metal Accent Table,/schmidt-raw-brass-round-metal-accent-table/s117490,4,
PdpDetail-MTO-DeliveryTerms,117655,Frederick Storage Media Console,/hendrick-media-console/s117655,3,
PdpDetail-MTO-DeliveryTerms,127443,Damen 48" White Marble Top Dining Table,/gage-48-white-marble-top-dining-table/s127443,5,
PdpDetail-MTO-DeliveryTerms,496124,Oscar Wood Storage Media Console,/oscar-wood-storage-media-console/s496124,1,
PdpDetail-MTO-DeliveryTerms-BOPS,155664,Cassidy End Table,/cassidy-end-table/s155664,1,
PdpDetail-MTO-DeliveryTerms-BOPS,155798,Cassidy Bunching Table,/cassidy-bunching-table/s155798,2,
PdpDetail-MTO-DeliveryTerms-BOPS,165672,Village Dove Grey Wood Dining Chair,/village-dove-grey-wood-dining-chair/s165672,3,
PdpDetail-MTO-DeliveryTerms-BOPS,282638,Ventana Black Glass Display Coffee Table with Shelf,/ventana-black-glass-display-coffee-table-with-shelf/s282638,5,
PdpDetail-MTO-DeliveryTerms-BOPS,305986,Frannie Coffee Table with Shelf,/frannie-coffee-table-with-shelf/s305986,4,
PdpDetail-MTO-DeliveryTerms-Swatch,115670,Byrdie Black Leather Modern Tufted Sofa,/dylan-black-leather-modern-tufted-sofa/s115670,2,
PdpDetail-MTO-DeliveryTerms-Swatch,128474,Maxwell King Grey Tufted Bed,/newhall-king-grey-tufted-bed/s128474,1,
PdpDetail-MTO-DeliveryTerms-Swatch,366541,Cosima Leather Channel Tufted Chair,/cosima-leather-channel-tufted-chair/s366541,4,
PdpDetail-MTO-DeliveryTerms-Swatch,366561,Cosima Channel Tufted Sofa,/cosima-channel-tufted-sofa/s366561,5,
PdpDetail-MTO-DeliveryTerms-Swatch,366590,Cosima Channel Tufted Chair,/cosima-channel-tufted-chair/s366590,3,
PdpDetail-Stock-Delivery,528483,Shinola Mackinac Teak Outdoor Dining Table,/shinola-mackinac-teak-outdoor-dining-table/s528483,5,
PdpDetail-Stock-Delivery,528701,Shinola Runwell Corner Teak Outdoor Sectional Sofa with Black Cushions,/shinola-runwell-corner-teak-outdoor-sectional-sofa-with-black-cushions/s528701,4,
PdpDetail-Stock-Delivery,528767,Shinola Runwell Left Arm Teak Outdoor Sectional Sofa with Black Cushions,/shinola-runwell-left-arm-teak-outdoor-sectional-sofa-with-black-cushions/s528767,1,
PdpDetail-Stock-Delivery,528783,Shinola Runwell Right Arm Teak Outdoor Sectional Sofa with Black Cushions,/shinola-runwell-right-arm-teak-outdoor-sectional-sofa-with-black-cushions/s528783,2,
PdpDetail-Stock-Delivery,528809,Shinola Runwell Teak Outdoor Coffee Table,/shinola-runwell-teak-outdoor-coffee-table/s528809,3,
PdpDetail-Stock-Delivery-BOPS,345687,Castillo Black Floor Lamp,/castillo-black-floor-lamp/s345687,5,
PdpDetail-Stock-Delivery-BOPS,372149,Turquoise Assemblage Framed Wall Art Print 64.5"x44.5" by Kari Taylor,/turquoise-assemblage-framed-wall-art-print-64.5x44.5-by-kari-taylor/s372149,4,
PdpDetail-Stock-Delivery-BOPS,433734,Papel con Nudos Framed Hand-Cut Paper Wall Art 30.75"x76.75" by Julio Laja Chichicaxtle,/papel-con-nudos-framed-hand-cut-paper-wall-art-30.75x76.75-by-julio-laja-chichicaxtle/s433734,3,
PdpDetail-Stock-Delivery-BOPS,528188,Fernando Round Accent Table,/fernando-round-accent-table/s528188,2,
PdpDetail-Stock-Delivery-BOPS,533677,Shinola Runwell 3-Piece Teak Outdoor Sectional with Black Cushions,/shinola-runwell-3-piece-teak-outdoor-sectional-with-black-cushions/s533677,1,
PdpDetail-Stock-Delivery-Swatch,216777,Tate Bench Charcoal Cushion,/tate-bench-charcoal-cushion/s216777,2,
PdpDetail-Stock-Delivery-Swatch,482797,Axis 4-Piece Sectional Sofa,/axis-4-piece-sectional-sofa/s482797,1,
PdpDetail-Stock-Delivery-Swatch,569251,Diderot Wood and Leather Chair,/diderot-wood-and-leather-chair/s569251,3,
PdpDetail-Stock-Ship,194965,French Champagne Glass,/french-champagne-glass/s194965,4,
PdpDetail-Stock-Ship,241097,French Wine Glass,/french-wine-glass/s241097,1,
PdpDetail-Stock-Ship,415649,Down-Alternative 22"x15 Pillow Insert,/down-alternative-22x15-pillow-insert/s415649,2,
PdpDetail-Stock-Ship,467941,Shun ® Premier Steak Knives, Set of 4,/shun-premier-steak-knives-set-of-4/s467941,5,
PdpDetail-Stock-Ship,658896,OXO ® Stainless Steel Can Opener,/oxo-stainless-steel-can-opener/s658896,3,
PdpDetail-Stock-Ship-BOPS,208544,Slant Glass Vase 4",/slant-glass-vase-4/s208544,2,
PdpDetail-Stock-Ship-BOPS,208617,Slant Glass Vase 6.25",/slant-glass-vase-6.25/s208617,3,
PdpDetail-Stock-Ship-BOPS,210559,OXO ® Grate and Slice 6-Piece Flat Grater Set,/oxo-grate-and-slice-6-piece-flat-grater-set/s210559,1,
PdpDetail-Stock-Ship-BOPS,211092,Marin White Large Pedestal Cake Stand,/marin-white-large-pedestal-cake-stand/s211092,4,
PdpDetail-Stock-Ship-BOPS,211107,Marin White Covered Butter Dish,/marin-white-covered-butter-dish/s211107,5,
PdpDetail-Stock-ShipTerms-BOPS-Mono,103898,Red Linen-Cotton Blend Embroidered Reindeer Christmas Stocking,/red-linen-cotton-blend-embroidered-reindeer-christmas-stocking/s103898,2,
PdpDetail-Stock-ShipTerms-BOPS-Mono,103913,Red Linen-Cotton Blend Gingham Christmas Stocking,/red-linen-cotton-blend-gingham-christmas-stocking/s103913,3,
PdpDetail-Stock-ShipTerms-BOPS-Mono,103936,Green Linen-Cotton Blend Gingham Christmas Stocking,/green-linen-cotton-blend-gingham-christmas-stocking/s103936,4,
PdpDetail-Stock-ShipTerms-BOPS-Mono,104111,Winter Friends Embroidered Christmas Tree Skirt,/winter-friends-embroidered-christmas-tree-skirt/s104111,1,
PdpDetail-Stock-ShipTerms-BOPS-Mono,105396,Snowman Christmas Stocking,/snowman-christmas-stocking/s105396,5,
PdpDetailKids-EA-Ship,146682,Pantone Box of Color Baby Board Books, Set of 6,/pantone-box-of-color-baby-board-books-set-of-6/s146682,2,
PdpDetailKids-EA-Ship,192955,Waterproof Baby Crib Mattress Pad,/waterproof-baby-crib-mattress-pad/s192955,4,
PdpDetailKids-EA-Ship,202572,Little Bow Wall Hook,/little-bow-wall-hook/s202572,3,
PdpDetailKids-EA-Ship,223293,Doorway Kids Bean Bag Toss Game,/doorway-kids-bean-bag-toss-game/s223293,1,
PdpDetailKids-EA-Ship,487436,White Gallery Art Rail,/white-gallery-art-rail/s487436,5,
PdpDetailKids-EA-ShipTerms-Mono,620961,Nachi Organic Blue Hooded Kids Towel,/nachi-organic-blue-hooded-kids-towel/s620961,1,
PdpDetailKids-EA-ShipTerms-Mono,621040,Nachi Organic Pink Hooded Kids Towel,/nachi-organic-pink-hooded-kids-towel/s621040,2,
PdpDetailKids-EA-ShipTerms-Mono,621058,Nachi Organic Grey Hooded Kids Towel,/nachi-organic-grey-hooded-kids-towel/s621058,3,
PdpDetailKids-EA-ShipTerms-Mono,678650,Ivory Felt Santa Kids Christmas Stocking,/ivory-felt-santa-kids-christmas-stocking/s678650,4,
PdpDetailKids-EA-ShipTerms-Mono,678726,Ivory Felt Reindeer Kids Christmas Stocking,/ivory-felt-reindeer-kids-christmas-stocking/s678726,5,
PdpDetailKids-Stock-Delivery,269159,Rattan Kids Twin Daybed,/rattan-kids-twin-daybed/s269159,1,
PdpDetailKids-Stock-Delivery,402423,Camp Wandawega Plush Kids Toy Canoe,/camp-wandawega-plush-kids-toy-canoe/s402423,2,
PdpDetailKids-Stock-Delivery,467344,Cocoa Wood 4-Shelf Kids Bookcase with Chalkboard Door,/cocoa-wood-4-shelf-kids-bookcase-with-chalkboard-door/s467344,3,
PdpDetailKids-Stock-Delivery,569040,Lamont Kids Bed Rail,/lamont-kids-bed-rail/s569040,5,
PdpDetailKids-Stock-Delivery,585855,Naturepedic Organic Cotton Ultra 2-in-1 Kids Full Mattress,/naturepedic-organic-cotton-ultra-2-in-1-kids-full-mattress/s585855,4,
PdpDetailKids-Stock-Delivery-BOPS,250589,Acrylic Rolling Book Cart,/acrylic-rolling-book-cart/s250589,1,
PdpDetailKids-Stock-Delivery-BOPS,465361,Domino Gold Kids Desk Chair,/domino-gold-kids-desk-chair/s465361,3,
PdpDetailKids-Stock-Delivery-BOPS,496333,Rotunda Grey Stain Wood Kids Table with Storage,/rotunda-grey-stain-wood-kids-table-with-storage/s496333,2,
PdpDetailKids-Stock-Delivery-BOPS,550190,BeautySleep ® Superior Rest ™ Baby Crib & Toddler Mattress,/beautysleep-superior-rest-baby-crib-and-toddler-mattress/s550190,4,
PdpDetailKids-Stock-Delivery-BOPS,654228,Walnut Bed Guardrail,/walnut-bed-guardrail/s654228,5,
PdpDetailKids-Stock-Ship,298137,Green Touch Floor Lamp,/green-touch-floor-lamp/s298137,1,
PdpDetailKids-Stock-Ship-BOPS,200958,Simple Shapes Geometric Baby Mobile,/simple-shapes-geometric-baby-mobile/s200958,5,
PdpDetailKids-Stock-Ship-BOPS,219894,Yellow Chevron Kids Rug Swatch,/yellow-chevron-kids-rug-swatch/s219894,1,
PdpDetailKids-Stock-Ship-BOPS,244211,Jellycat ® Bashful Woodland Bunny Kids Stuffed Animal,/jellycat-bashful-woodland-bunny-kids-stuffed-animal/s244211,4,
PdpDetailKids-Stock-Ship-BOPS,493665,Roxy Marj Woodland Animal Baby Changing Pad Cover,/roxy-marj-woodland-animal-baby-changing-pad-cover/s493665,3,
PdpDetailKids-Stock-Ship-BOPS,596122,Jellycat ® White Bunny Kids Stuffed Animal,/jellycat-white-bunny-kids-stuffed-animal/s596122,2,
PdpDetailKids-Stock-ShipTerms-BOPS-Mono,621238,Nachi Organic Pink Hooded Baby Towel,/nachi-organic-pink-hooded-baby-towel/s621238,1,
PdpDetailKids-Stock-ShipTerms-BOPS-Mono,621244,Nachi Organic Grey Hooded Baby Towel,/nachi-organic-grey-hooded-baby-towel/s621244,2,
PdpGrouper-EA-Ship,430682,Caraway Cream Non-Stick Ceramic Saute Pan with Gold Hardware,/caraway-cream-non-stick-ceramic-saute-pan-with-gold-hardware/s430682,1,
PdpGrouper-EA-Ship,430697,Caraway Silt Green Non-Stick Ceramic Fry Pan with Gold Hardware with Gold Hardware,/caraway-silt-green-non-stick-ceramic-fry-pan-with-gold-hardware-with-gold-hardware/s430697,2,
PdpGrouper-EA-Ship,430712,Caraway Cream Non-Stick Ceramic Fry Pan with Gold Hardware,/caraway-cream-non-stick-ceramic-fry-pan-with-gold-hardware/s430712,3,
PdpGrouper-EA-Ship,430723,Caraway Silt Green Non-Stick Ceramic 6.5-Qt. Dutch Oven with Gold Hardware,/caraway-silt-green-non-stick-ceramic-6.5-qt.-dutch-oven-with-gold-hardware/s430723,4,
PdpGrouper-EA-Ship,430786,Caraway Cream Non-Stick Ceramic Saucepan with Gold Hardware,/caraway-cream-non-stick-ceramic-saucepan-with-gold-hardware/s430786,5,
PdpGrouper-EA-ShipTerms-Mono,279127,Marin Red Linen Napkin, Set of 4,/marin-red-linen-napkin-set-of-4/s279127,1,
PdpGrouper-MTO-DeliveryTerms,582232,Harbor Dama Queen Bed,/harbor-white-queen-bed/s582232,5,
PdpGrouper-MTO-DeliveryTerms,582258,Harbor Dama King Bed,/harbor-white-king-bed/s582258,4,
PdpGrouper-MTO-DeliveryTerms,582291,Harbor Dama 2-Drawer Nightstand,/harbor-white-2-drawer-nightstand/s582291,3,
PdpGrouper-MTO-DeliveryTerms,582355,Harbor Dama 5-Drawer Dresser,/harbor-white-5-drawer-dresser/s582355,1,
PdpGrouper-MTO-DeliveryTerms,582402,Harbor Dama 5-Drawer Chest,/harbor-white-5-drawer-chest/s582402,2,
PdpGrouper-MTO-DeliveryTerms-BOPS,276387,Haworth® Very® Mesh Buff Desk Chair,/haworth-very-mesh-buff-desk-chair/s276387,1,
PdpGrouper-MTO-DeliveryTerms-BOPS,276390,Haworth® Very® Mesh Elephant Desk Chair,/haworth-very-mesh-elephant-desk-chair/s276390,2,
PdpGrouper-MTO-DeliveryTerms-BOPS,276418,Haworth® Very® Mesh Pacific Desk Chair,/haworth-very-mesh-pacific-desk-chair/s276418,3,
PdpGrouper-MTO-DeliveryTerms-BOPS,276457,Haworth® Very® Mesh Storm Desk Chair,/haworth-very-mesh-storm-desk-chair/s276457,4,
PdpGrouper-MTO-DeliveryTerms-BOPS,313089,Brera Vamelie Bentwood Dining Chair,/brera-vamelie-bentwood-dining-chair/s313089,5,
PdpGrouper-MTO-DeliveryTerms-BOPS-Swatch,209075,Sculpt Velvet Accent Chair,/sculpt-velvet-accent-chair/s209075,1,
PdpGrouper-MTO-DeliveryTerms-BOPS-Swatch,209114,Sculpt Warm Beige Velvet Accent Chair,/sculpt-warm-beige-velvet-accent-chair/s209114,2,
PdpGrouper-MTO-DeliveryTerms-BOPS-Swatch,209122,Sculpt Velvet Accent Chair,/sculpt-velvet-accent-chair/s209122,3,
PdpGrouper-MTO-DeliveryTerms-BOPS-Swatch,209135,Sculpt Velvet Accent Chair,/sculpt-velvet-accent-chair/s209135,4,
PdpGrouper-MTO-DeliveryTerms-BOPS-Swatch,209159,Sculpt Velvet Accent Chair,/sculpt-velvet-accent-chair/s209159,5,
PdpGrouper-MTO-DeliveryTerms-Swatch,116961,Naomi Dempsey Flannel Tufted Dining Chair,/alice-savile-grey-tufted-dining-chair/s116961,3,
PdpGrouper-MTO-DeliveryTerms-Swatch,128420,Maxwell Queen Leather Tufted Bed,/newhall-queen-leather-tufted-bed/s128420,1,
PdpGrouper-MTO-DeliveryTerms-Swatch,128462,Maxwell Queen Grey Tufted Bed,/newhall-queen-grey-tufted-bed/s128462,2,
PdpGrouper-MTO-DeliveryTerms-Swatch,229793,Sculpt Velvet Accent Chair,/sculpt-velvet-accent-chair/s229793,4,
PdpGrouper-Stock-Delivery,146471,Multisurface 8'x10' Thin Rug Pad,/multisurface-8x10-thin-rug-pad/s146471,3,
PdpGrouper-Stock-Delivery,146471,Multisurface 8'x10' Thin Rug Pad,/multisurface-8x10-thin-rug-pad/s146471,4,
PdpGrouper-Stock-Delivery,146684,Multisurface 9'x12' Thin Rug Pad,/multisurface-9x12-thin-rug-pad/s146684,1,
PdpGrouper-Stock-Delivery,146684,Multisurface 9'x12' Thin Rug Pad,/multisurface-9x12-thin-rug-pad/s146684,2,
PdpGrouper-Stock-Delivery,197442,Kendall Walnut Desk,/kendall-walnut-desk/s197442,5,
PdpGrouper-Stock-Delivery-BOPS,260564,Rainier Black Conical Flush Mount Light,/rainier-black-conical-flush-mount-light/s260564,5,
PdpGrouper-Stock-Delivery-BOPS,262821,Rainier Black Conical Pendant Light,/rainier-black-conical-pendant-light/s262821,3,
PdpGrouper-Stock-Delivery-BOPS,262847,Rainier Brass Conical Pendant Light,/rainier-brass-conical-pendant-light/s262847,4,
PdpGrouper-Stock-Delivery-BOPS,269368,Rainier Black Conical Wall Sconce,/rainier-black-conical-wall-sconce/s269368,1,
PdpGrouper-Stock-Delivery-BOPS,269370,Rainier Brass Conical Wall Sconce,/rainier-brass-conical-wall-sconce/s269370,2,
PdpGrouper-Stock-Delivery-BOPS-Swatch,450282,Abaco Graphite Sunbrella ® Lounge Chair Cushions,/abaco-graphite-sunbrella-lounge-chair-cushions/s450282,2,
PdpGrouper-Stock-Delivery-BOPS-Swatch,450666,Abaco Graphite Sunbrella ® Sofa Cushions,/abaco-graphite-sunbrella-sofa-cushions/s450666,1,
PdpGrouper-Stock-Ship,166005,Light Grey 20"x20" Cotton Sari Silk Throw Pillow with Feather Insert,/light-grey-20x20-cotton-sari-silk-throw-pillow-with-feather-insert/s166005,5,
PdpGrouper-Stock-Ship,166027,Dark Grey 20"x20" Cotton Sari Silk Throw Pillow with Feather Insert,/dark-grey-20x20-cotton-sari-silk-throw-pillow-with-feather-insert/s166027,4,
PdpGrouper-Stock-Ship,166059,Yellow 20"x20" Cotton Sari Silk Throw Pillow with Feather Insert,/yellow-20x20-cotton-sari-silk-throw-pillow-with-feather-insert/s166059,3,
PdpGrouper-Stock-Ship,260458,Staub Essential ® Graphite 3.75-Qt. Round French Oven with Rooster Lid,/staub-essential-graphite-3.75-qt.-round-french-oven-with-rooster-lid/s260458,2,
PdpGrouper-Stock-Ship,289010,Bistro 5.75" 18-Oz. Bowls, Set of 4,/bistro-5.75-18-oz.-bowls-set-of-4/s289010,1,
PdpGrouper-Stock-Ship-BOPS,156887,Marin White Large Oval Serving Platter,/marin-white-large-oval-serving-platter/s156887,2,
PdpGrouper-Stock-Ship-BOPS,159530,Roulette 5-Piece Place Setting,/roulette-5-piece-place-setting/s159530,1,
PdpGrouper-Stock-Ship-BOPS,165273,Mini Oval Spice-Herb Jars with Clamp Set of 12,/mini-oval-spice-herb-jars-with-clamp-set-of-12/s165273,3,
PdpGrouper-Stock-Ship-BOPS,170298,Chantal ® Classic Onyx Whistling Tea Kettle,/chantal-classic-onyx-whistling-tea-kettle/s170298,4,
PdpGrouper-Stock-Ship-BOPS,172510,Bendt 2-Tier Iron Fruit Basket,/bendt-2-tier-iron-fruit-basket/s172510,5,
PdpGrouper-Stock-ShipTerms-BOPS-Mono,202531,White Natural Hemp Standard Sham,/white-natural-hemp-standard-sham/s202531,3,
PdpGrouper-Stock-ShipTerms-BOPS-Mono,308424,Marin Olive Yellow Linen Napkin,/marin-olive-yellow-linen-napkin/s308424,4,
PdpGrouper-Stock-ShipTerms-BOPS-Mono,308606,Marin Plum Red Linen Napkin,/marin-plum-red-linen-napkin/s308606,5,
PdpGrouper-Stock-ShipTerms-BOPS-Mono,320693,Organic 800-Gram White Turkish Hand Towel,/organic-800-gram-white-turkish-hand-towel/s320693,1,
PdpGrouper-Stock-ShipTerms-BOPS-Mono,320713,Organic 800-Gram White Turkish Bath Towel,/organic-800-gram-white-turkish-bath-towel/s320713,2,
PdpGrouperContent-Stock-Delivery,278786,Nora Tub Accent Chair,/nora-tub-accent-chair/s278786,3,
PdpGrouperContent-Stock-Delivery,365293,Taj White Woven Leather Strap Accent Chair,/taj-white-woven-leather-strap-accent-chair/s365293,2,
PdpGrouperContent-Stock-Delivery,393141,Dawson Light Brown Wood King Sleigh Bed,/dawson-light-brown-wood-king-sleigh-bed/s393141,1,
PdpGrouperContent-Stock-Delivery,411188,Ojai Upholstered Wood Frame Accent Chair,/ojai-upholstered-wood-frame-accent-chair/s411188,5,
PdpGrouperContent-Stock-Delivery,420519,Fields Cane Back White Wash and Natural Accent Chair by Leanne Ford,/fields-cane-back-white-wash-and-natural-accent-chair-by-leanne-ford/s420519,4,
PdpGrouperKids-EA-Delivery,103100,Roselle Kids Full White Wood Bed,/roselle-kids-full-white-wood-bed/s103100,1,
PdpGrouperKids-EA-Ship,109816,Natural Wicker Large Changing Table Basket,/natural-wicker-large-changing-table-basket/s109816,1,
PdpGrouperKids-EA-Ship,195155,ezpz Mini Mat Grey Baby Placemat,/ezpz-mini-mat-grey-baby-placemat/s195155,2,
PdpGrouperKids-EA-Ship,203756,Kids Twin Waterproof Mattress Pad,/kids-twin-waterproof-mattress-pad/s203756,4,
PdpGrouperKids-EA-Ship,203810,Kids Full Waterproof Mattress Pad,/kids-full-waterproof-mattress-pad/s203810,3,
PdpGrouperKids-EA-Ship,498581,Paper Mache Rabbit Head,/paper-mache-rabbit-head/s498581,5,
PdpGrouperKids-EA-ShipTerms-Mono,270455,Fold and Go Pink Portable Baby Mat,/fold-and-go-pink-portable-baby-mat/s270455,1,
PdpGrouperKids-EA-ShipTerms-Mono,270665,Fold and Go Navy Portable Baby Mat,/fold-and-go-navy-portable-baby-mat/s270665,2,
PdpGrouperKids-EA-ShipTerms-Mono,270675,Fold and Go Teal Portable Baby Mat,/fold-and-go-teal-portable-baby-mat/s270675,3,
PdpGrouperKids-EA-ShipTerms-Mono,303231,Large Grey Bean Bag Chair Cover,/large-grey-bean-bag-chair-cover/s303231,4,
PdpGrouperKids-EA-ShipTerms-Mono,303331,Large Dark Green Kids Lounge Nod Chair Cover,/large-dark-green-kids-lounge-nod-chair-cover/s303331,5,
PdpGrouperKids-Stock-Delivery,135026,Hand-Tufted Rainbow Polka Dot Kids Rug 8x10,/hand-tufted-rainbow-polka-dot-kids-rug-8x10/s135026,3,
PdpGrouperKids-Stock-Delivery,314797,Hampshire White Wood Arched Kids Twin Bed,/hampshire-white-wood-arched-kids-twin-bed/s314797,5,
PdpGrouperKids-Stock-Delivery,479345,Sprinkles Colorful Stripe Kids Rug 8x10,/sprinkles-colorful-stripe-kids-rug-8x10/s479345,2,
PdpGrouperKids-Stock-Delivery,549385,Flat-Weave Southwestern Kids Rug with Fringe 8x10,/flat-weave-southwestern-kids-rug-with-fringe-8x10/s549385,4,
PdpGrouperKids-Stock-Delivery,583258,Abridged White Glaze Wood Rolling Kids Twin Bed,/abridged-white-glaze-wood-rolling-kids-twin-bed/s583258,1,
PdpGrouperKids-Stock-Delivery-BOPS,102942,District Stackable 3-Cube Wood Bookcase,/district-stackable-3-cube-wood-bookcase/s102942,4,
PdpGrouperKids-Stock-Delivery-BOPS,134980,Hand-Tufted Rainbow Polka Dot Kids Rug 4x6,/hand-tufted-rainbow-polka-dot-kids-rug-4x6/s134980,5,
PdpGrouperKids-Stock-Delivery-BOPS,208154,Now You See It Acrylic Kids Desk Chair with Silver Base,/now-you-see-it-acrylic-kids-desk-chair-with-silver-base/s208154,3,
PdpGrouperKids-Stock-Delivery-BOPS,479318,Sprinkles Colorful Stripe Kids Rug 4x6,/sprinkles-colorful-stripe-kids-rug-4x6/s479318,1,
PdpGrouperKids-Stock-Delivery-BOPS,479336,Sprinkles Colorful Stripe Kids Rug 5x8,/sprinkles-colorful-stripe-kids-rug-5x8/s479336,2,
PdpGrouperKids-Stock-Ship-BOPS,242965,Blaine Black Washable Paper Cube Bin,/blaine-black-washable-paper-cube-bin/s242965,4,
PdpGrouperKids-Stock-Ship-BOPS,345394,Sherpop Pink Blanket,/sherpop-pink-blanket/s345394,5,
PdpGrouperKids-Stock-Ship-BOPS,631338,Batik Organic Clay Baby Crib Fitted Sheet by Leanne Ford,/batik-organic-clay-baby-crib-fitted-sheet-by-leanne-ford/s631338,3,
PdpGrouperKids-Stock-Ship-BOPS,631384,Batik Organic Clay Baby Changing Pad Cover by Leanne Ford,/batik-organic-clay-baby-changing-pad-cover-by-leanne-ford/s631384,2,
PdpGrouperKids-Stock-Ship-BOPS,631581,Lou Lou Indigo Organic Baby Swaddles by Leanne Ford, Set of 2,/lou-lou-indigo-organic-baby-swaddles-by-leanne-ford-set-of-2/s631581,1,
PdpGrouperKids-Stock-ShipTerms-BOPS-Mono,303211,Large Grey Kids Lounge Nod Chair Cover,/large-grey-kids-lounge-nod-chair-cover/s303211,3,
PdpGrouperKids-Stock-ShipTerms-BOPS-Mono,303256,Large Navy Kids Lounge Nod Chair Cover,/large-navy-kids-lounge-nod-chair-cover/s303256,2,
PdpGrouperKids-Stock-ShipTerms-BOPS-Mono,409732,Reversible Grey Chenille Dot Baby Stroller Blanket,/reversible-grey-chenille-dot-baby-stroller-blanket/s409732,5,
PdpGrouperKids-Stock-ShipTerms-BOPS-Mono,410873,Dove Grey Satin Trim Plush Baby Stroller Blanket,/dove-grey-satin-trim-plush-baby-stroller-blanket/s410873,4,
PdpGrouperKids-Stock-ShipTerms-BOPS-Mono,621861,Small Heart Kids Lounge Nod Chair Cover,/small-heart-kids-lounge-nod-chair-cover/s621861,1,
PdpSor-MTO-DeliveryTerms,333388,Wells Left-Arm Sofa with Dark Brown Leg Finish,/wells-left-arm-sofa-with-dark-brown-leg-finish/s333388,2,
PdpSor-MTO-DeliveryTerms,333485,Wells Left-Arm Sofa with Dark Brown Leg Finish,/wells-left-arm-sofa-with-dark-brown-leg-finish/s333485,3,
PdpSor-MTO-DeliveryTerms,334085,Wells Ottoman with Dark Brown Leg Finish,/wells-ottoman-with-dark-brown-leg-finish/s334085,4,
PdpSor-MTO-DeliveryTerms,334115,Wells Ottoman with Dark Brown Leg Finish,/wells-ottoman-with-dark-brown-leg-finish/s334115,5,
PdpSor-MTO-DeliveryTerms,377135,Wells Leather Apartment Sofa,/wells-leather-apartment-sofa/s377135,1,
PdpSor-MTO-DeliveryTerms,471015,Hague Mid-Century Left-Arm Chaise,/hague-mid-century-left-arm-chaise/s471015,1,
PdpSor-MTO-DeliveryTerms,471029,Hague Mid-Century Right-Arm Chaise,/hague-mid-century-right-arm-chaise/s471029,2,
PdpSor-MTO-DeliveryTerms,471035,Hague Mid-Century Left-Arm Loveseat,/hague-mid-century-left-arm-loveseat/s471035,3,
PdpSor-MTO-DeliveryTerms,471040,Hague Mid-Century Right-Arm Loveseat,/hague-mid-century-right-arm-loveseat/s471040,4,
PdpSor-MTO-DeliveryTerms,471078,Hague Mid-Century Accent Chair,/hague-mid-century-accent-chair/s471078,5,
PdpSor-REF-DeliveryTerms,228923,Axis Leather Armless Full Sleeper Sofa,/axis-leather-armless-full-sleeper-sofa/s228923,5,
PdpSor-REF-DeliveryTerms,232017,Axis Armless Full Sleeper Sofa,/axis-armless-full-sleeper-sofa/s232017,4,
PdpSor-REF-DeliveryTerms,232380,Axis Armless Full Sleeper Sofa with Air Mattress,/axis-armless-full-sleeper-sofa-with-air-mattress/s232380,2,
PdpSor-REF-DeliveryTerms,232763,Axis Leather Armless Full Sleeper Sofa with Air Mattress,/axis-leather-armless-full-sleeper-sofa-with-air-mattress/s232763,3,
PdpSor-REF-DeliveryTerms,420566,Tillie Throw Pillow,/tillie-throw-pillow/s420566,1,
PdpSor-Stock-Delivery,121777,Sinuous Curved Sofa 102" by Athena Calderone,/sinuous-curved-sofa-102-by-athena-calderone/s121777,3,
PdpSor-Stock-Delivery,203537,Peyton 3-Piece Left-Arm Chaise Sectional Sofa,/peyton-3-piece-left-arm-chaise-sectional-sofa/s203537,1,
PdpSor-Stock-Delivery,203553,Peyton 3-Piece Right-Arm Chaise Sectional Sofa,/peyton-3-piece-right-arm-chaise-sectional-sofa/s203553,2,
PdpSor-Stock-Delivery,241654,Monahan Right Arm Loveseat Sofa,/monahan-right-arm-loveseat-sofa/s241654,3,
PdpSor-Stock-Delivery,560828,Peyton Left Arm Sofa,/peyton-left-arm-sofa/s560828,4,
PdpSor-Stock-Delivery,560838,Peyton Right Arm Sofa,/peyton-right-arm-sofa/s560838,5,
PdpSor-Stock-Delivery,579302,Fuller Left-Arm Loveseat Sleeper Sectional,/fuller-left-arm-loveseat-sleeper-sectional/s579302,1,
PdpSor-Stock-Delivery,579361,Fuller Left-Arm Storage Chaise,/fuller-left-arm-storage-chaise/s579361,2,
PdpSor-Stock-Delivery,629382,Sinuous Curved Right Arm Chair by Athena Calderone,/sinuous-curved-right-arm-chair-by-athena-calderone/s629382,5,
PdpSor-Stock-Delivery,687885,Angolare Ottoman by Athena Calderone,/angolare-ottoman-by-athena-calderone/s687885,4,
PdpSor-Stock-Delivery-BOPS,671474,Miles Upholstered Dining Chair,/miles-upholstered-dining-chair/s671474,1,
PdpSor-Stock-Delivery-BOPS,671538,Miles Upholstered Dining Chair,/miles-upholstered-dining-chair/s671538,2,
PdpSor-Stock-Delivery-BOPS,671554,Miles Upholstered Dining Arm Chair,/miles-upholstered-dining-arm-chair/s671554,3,
PdpSor-Stock-Delivery-BOPS,671575,Miles Upholstered Dining Arm Chair,/miles-upholstered-dining-arm-chair/s671575,4,
PdpSorKids-Stock-Delivery-BOPS,472154,Joya Grey Nursery Rocking Chair,/joya-grey-nursery-rocking-chair/s472154,1,
PdpSorKids-Stock-Delivery-BOPS,550137,Milo Swivel Nursery Glider Chair,/milo-swivel-nursery-glider-chair/s550137,1,
PdpSorKids-Stock-Delivery-BOPS,550144,Milo Nursery Gliding Ottoman,/milo-nursery-gliding-ottoman/s550144,2,
PdpSorKids-Stock-Delivery-BOPS,550778,Milo Nursery Gliding Ottoman,/milo-nursery-gliding-ottoman/s550778,3,
PdpSuperSor-EA-Ship,282836,Barrett Banana Holder with Basket Graphite,/barrett-banana-holder-with-basket-graphite/s282836,1,
PdpSuperSor-EA-Ship,337858,Cuisinart ® Advantage 12-Piece Ceramic Knife Set,/cuisinart-advantage-12-piece-ceramic-knife-set/s337858,2,
PdpSuperSor-MTO-DeliveryTerms,121647,Wells Leather Chair and a Half,/wells-leather-chair-and-a-half/s121647,2,
PdpSuperSor-MTO-DeliveryTerms,123183,Cambria Green Velvet 2-Piece Right-Arm Chaise Sectional Sofa,/cambria-green-velvet-2-piece-right-arm-chaise-sectional-sofa/s123183,1,
PdpSuperSor-MTO-DeliveryTerms,123194,Cambria Green Velvet 2-Piece Left-Arm Chaise Sectional Sofa,/cambria-green-velvet-2-piece-left-arm-chaise-sectional-sofa/s123194,2,
PdpSuperSor-MTO-DeliveryTerms,198824,Leisure Power Recliner 5-Piece Sectional Sofa,/leisure-power-recliner-5-piece-sectional-sofa/s198824,2,
PdpSuperSor-MTO-DeliveryTerms,198856,Leisure Power Recliner 4-Piece Sectional Sofa,/leisure-power-recliner-4-piece-sectional-sofa/s198856,3,
PdpSuperSor-MTO-DeliveryTerms,248152,Crawford 90" Slipcovered Sofa by Jake Arnold,/crawford-90-slipcovered-sofa-by-jake-arnold/s248152,4,
PdpSuperSor-MTO-DeliveryTerms,248201,Crawford Grande Slipcovered Sofa by Jake Arnold,/crawford-grande-slipcovered-sofa-by-jake-arnold/s248201,5,
PdpSuperSor-MTO-DeliveryTerms,343074,Shinola Runwell 2-Piece Chaise Sectional Sofa,/shinola-runwell-2-piece-chaise-sectional-sofa/s343074,4,
PdpSuperSor-MTO-DeliveryTerms,343179,Shinola Runwell 2-Piece Chaise Sectional Sofa,/shinola-runwell-2-piece-chaise-sectional-sofa/s343179,5,
PdpSuperSor-MTO-DeliveryTerms,354776,Wells Leather 2-Piece Chaise Sectional Sofa,/wells-leather-2-piece-chaise-sectional-sofa/s354776,1,
PdpSuperSor-MTO-DeliveryTerms,354798,Wells Leather 2-Piece Chaise Sectional Sofa,/wells-leather-2-piece-chaise-sectional-sofa/s354798,2,
PdpSuperSor-MTO-DeliveryTerms,354802,Wells Leather 3-Piece U-Shaped Sectional Sofa,/wells-leather-3-piece-u-shaped-sectional-sofa/s354802,3,
PdpSuperSor-MTO-DeliveryTerms,354820,Wells Leather 3-Piece L-Shaped Sectional Sofa,/wells-leather-3-piece-l-shaped-sectional-sofa/s354820,4,
PdpSuperSor-MTO-DeliveryTerms,354833,Wells Leather 4-Piece U-Shaped Sectional Sofa,/wells-leather-4-piece-u-shaped-sectional-sofa/s354833,5,
PdpSuperSor-MTO-DeliveryTerms,366525,Cosima Leather Channel Tufted Sofa,/cosima-leather-channel-tufted-sofa/s366525,1,
PdpSuperSor-MTO-DeliveryTerms,470966,Hague Mid-Century Apartment Sofa,/hague-mid-century-apartment-sofa/s470966,3,
PdpSuperSor-MTO-DeliveryTerms,488884,Hague Mid-Century 2-Piece Right-Arm Chaise Sectional Sofa,/hague-mid-century-2-piece-right-arm-chaise-sectional-sofa/s488884,1,
PdpSuperSor-MTO-DeliveryTerms,488918,Hague Mid-Century 2-Piece Left-Arm Chaise Sectional Sofa,/hague-mid-century-2-piece-left-arm-chaise-sectional-sofa/s488918,2,
PdpSuperSor-MTO-DeliveryTerms,560957,Wells Grande Sofa with Natural Leg Finish,/wells-grande-sofa-with-natural-leg-finish/s560957,3,
PdpSuperSor-MTO-DeliveryTerms,561001,Wells Grande Sofa with Natural Leg Finish,/wells-grande-sofa-with-natural-leg-finish/s561001,4,
PdpSuperSor-MTO-DeliveryTerms,561011,Wells Grande Sofa with Dark Brown Leg Finish,/wells-grande-sofa-with-dark-brown-leg-finish/s561011,5,
PdpSuperSor-MTO-DeliveryTerms,561028,Wells Grande Sofa with Dark Brown Leg Finish,/wells-grande-sofa-with-dark-brown-leg-finish/s561028,2,
PdpSuperSor-MTO-DeliveryTerms,561057,Wells Grande Sofa with Dark Brown Leg Finish,/wells-grande-sofa-with-dark-brown-leg-finish/s561057,1,
PdpSuperSor-MTO-DeliveryTerms,588321,Cosima Leather Sofa 97",/cosima-leather-sofa-97/s588321,1,
PdpSuperSor-REF-DeliveryTerms,228583,Axis Leather Loveseat,/axis-leather-loveseat/s228583,5,
PdpSuperSor-REF-DeliveryTerms,230758,Axis 2-Seat Sofa,/axis-2-seat-sofa/s230758,4,
PdpSuperSor-REF-DeliveryTerms,230812,Axis 3-Seat Sofa,/axis-3-seat-sofa/s230812,3,
PdpSuperSor-REF-DeliveryTerms,230847,Axis Apartment Sofa,/axis-apartment-sofa/s230847,2,
PdpSuperSor-REF-DeliveryTerms,231290,Axis Loveseat,/axis-loveseat/s231290,1,
PdpSuperSor-REF-DeliveryTerms,372966,Peyton Sofa,/peyton-sofa/s372966,1,
PdpSuperSor-REF-DeliveryTerms,478528,Lotus Deep 4-Piece Reversible Sectional with Ottoman,/lotus-deep-4-piece-reversible-sectional-with-ottoman/s478528,2,
PdpSuperSor-REF-DeliveryTerms,496221,Colette Full Upholstered Headboard 52.5",/colette-upholstered-full-headboard/s496221,5,
PdpSuperSor-REF-DeliveryTerms,509244,Colette Queen Upholstered Headboard 52.5",/colette-queen-upholstered-headboard-52.5/s509244,2,
PdpSuperSor-REF-DeliveryTerms,509335,Colette King Upholstered Headboard 52.5",/colette-king-upholstered-headboard-52.5/s509335,3,
PdpSuperSor-REF-DeliveryTerms,509363,Colette California King Upholstered Headboard 52.5",/colette-california-king-upholstered-headboard-52.5/s509363,4,
PdpSuperSor-REF-DeliveryTerms,521447,Greer Leather Wood Arm Power Recliner,/greer-leather-power-recliner/s521447,1,
PdpSuperSor-REF-DeliveryTerms,590880,Lounge 2-Piece Sectional Sofa,/lounge-2-piece-sectional-sofa/s590880,1,
PdpSuperSor-REF-Ship,524481,Ever Left-Arm Sofa Slipcover Only,/ever-left-arm-sofa-slipcover-only/s524481,1,
PdpSuperSor-REF-Ship,524500,Ever Right-Arm Sofa Slipcover Only,/ever-right-arm-sofa-slipcover-only/s524500,2,
PdpSuperSor-REF-Ship,524521,Ever Left-Arm Chaise Slipcover Only,/ever-left-arm-chaise-slipcover-only/s524521,3,
PdpSuperSor-REF-Ship,524547,Ever Right Arm Chaise Slipcover Only,/ever-right-arm-chaise-slipcover-only/s524547,4,
PdpSuperSor-REF-Ship,524554,Ever Corner Slipcover Only,/ever-corner-slipcover-only/s524554,5,
PdpSuperSor-Stock-Delivery,106373,Petrie Midcentury Apartment Sofa,/petrie-midcentury-apartment-sofa/s106373,1,
PdpSuperSor-Stock-Delivery,115537,Lotus Upholstered Queen Bed with 41" Headboard,/lotus-upholstered-queen-bed-with-41-headboard/s115537,3,
PdpSuperSor-Stock-Delivery,157303,Notch Armless Sofa,/notch-armless-sofa/s157303,3,
PdpSuperSor-Stock-Delivery,262955,Lounge Outdoor Slipcovered Sofa 83",/lounge-outdoor-slipcovered-sofa-83/s262955,5,
PdpSuperSor-Stock-Delivery,333979,Oceanside 90" Wide-Arm Sofa,/oceanside-90-wide-arm-sofa/s333979,4,
PdpSuperSor-Stock-Delivery,333997,Oceanside 90" Wide-Arm Deep-Seat Sofa,/oceanside-90-wide-arm-deep-seat-sofa/s333997,5,
PdpSuperSor-Stock-Delivery,336705,Monahan 2-Piece Right Arm Corner Sofa Sectional,/monahan-2-piece-right-arm-corner-sofa-sectional/s336705,4,
PdpSuperSor-Stock-Delivery,336713,Monahan 2-Piece Left Arm Corner Sofa Sectional,/monahan-2-piece-left-arm-corner-sofa-sectional/s336713,5,
PdpSuperSor-Stock-Delivery,358365,Morocco Graphite Oval Outdoor Lounge Chair with White Cushion,/moroccocharcoalovalloungechairwithcushion/s358365,1,
PdpSuperSor-Stock-Delivery,369374,Morocco Graphite 3-Piece Outdoor Sectional Sofa with Charcoal Sunbrella ® Cushions,/morocco-graphite-3-piece-sectional-with-sunbrella-cushions/s369374,3,
PdpSuperSor-Stock-Delivery,369455,Morocco Graphite 5-Piece L-Shaped Outdoor Sectional Sofa with Charcoal Sunbrella ® Cushions,/morocco-graphite-5-piece-sectional-with-sunbrella-cushions/s369455,4,
PdpSuperSor-Stock-Delivery,370375,Morocco Graphite 6-Piece Sectional with Charcoal Sunbrella ® Cushions<br />(3 Armless Chairs, 3 Corner Chairs),/morocco-graphite-6-piece-sectional-with-sunbrella-cushions/s370375,5,
PdpSuperSor-Stock-Delivery,371012,Morocco Graphite Outdoor Lounge Chair with Charcoal Sunbrella ® Cushion,/morocco-graphite-lounge-chair-with-sunbrella-cushion/s371012,2,
PdpSuperSor-Stock-Delivery,371672,Morocco Graphite Outdoor Chaise Lounge with Charcoal Sunbrella ® Cushion,/morocco-graphite-chaise-lounge-with-sunbrella-cushion/s371672,1,
PdpSuperSor-Stock-Delivery,409806,Lounge 32" Armless Chair,/lounge-32-armless-chair/s409806,2,
PdpSuperSor-Stock-Delivery,409833,Lounge Armless Loveseat,/lounge-armless-loveseat/s409833,3,
PdpSuperSor-Stock-Delivery,411953,Hague Mid-Century Sofa,/hague-mid-century-sofa/s411953,2,
PdpSuperSor-Stock-Delivery,482627,Axis Armless Loveseat,/axis-armless-loveseat/s482627,1,
PdpSuperSor-Stock-Delivery,482634,Axis Left Arm Apartment Sofa,/axis-left-arm-apartment-sofa/s482634,2,
PdpSuperSor-Stock-Delivery,482664,Axis Left Arm Chaise Lounge,/axis-left-arm-chaise-lounge/s482664,3,
PdpSuperSor-Stock-Delivery,482673,Axis Right Arm Chaise Lounge,/axis-right-arm-chaise-lounge/s482673,4,
PdpSuperSor-Stock-Delivery,482701,Axis Wedge,/axis-wedge/s482701,5,
PdpSuperSor-Stock-Delivery,482727,Axis 2-Piece Sectional Sofa,/axis-2-piece-sectional-sofa/s482727,2,
PdpSuperSor-Stock-Delivery,482767,Axis 4-Piece Sectional Sofa,/axis-4-piece-sectional-sofa/s482767,1,
PdpSuperSor-Stock-Delivery,536904,Gather Sofa,/gather-sofa/s536904,1,
PdpSuperSor-Stock-Delivery,537037,Gather Apartment Sofa,/gather-apartment-sofa/s537037,2,
PdpSuperSor-Stock-Delivery,537079,Gather Deep Sofa,/gather-deep-sofa/s537079,1,
PdpSuperSor-Stock-Delivery,537088,Gather Deep Sofa,/gather-deep-sofa/s537088,2,
PdpSuperSor-Stock-Delivery,537407,Gather Deep Left Arm Sofa,/gather-deep-left-arm-sofa/s537407,3,
PdpSuperSor-Stock-Delivery,537422,Gather Deep Right Arm Sofa,/gather-deep-right-arm-sofa/s537422,4,
PdpSuperSor-Stock-Delivery,537437,Gather Deep Left Arm Chaise,/gather-deep-left-arm-chaise/s537437,5,
PdpSuperSor-Stock-Delivery,560756,Peyton Sofa,/peyton-sofa/s560756,4,
PdpSuperSor-Stock-Delivery,577609,Morocco Graphite Oval Outdoor Loveseat with White Cushion,/morocco-graphite-oval-loveseat-with-cushion/s577609,4,
PdpSuperSor-Stock-Delivery,625074,Peyton 3-Piece Sectional Sofa,/peyton-3-piece-sectional-sofa/s625074,5,
PdpSuperSor-Stock-Delivery,680631,Notch Sofa,/notch-sofa/s680631,3,
PdpSuperSor-Stock-Delivery-BOPS,151241,Dune Taupe Outdoor Dining Side Chair with Sunbrella ® Cushion,/dune-taupe-outdoor-dining-side-chair-with-sunbrella-cushion/s151241,5,
PdpSuperSor-Stock-Delivery-BOPS,161911,Dune Taupe Outdoor Dining Chair with Sunbrella ® Cushion,/dune-dining-chair-with-sunbrella-cushion/s161911,2,
PdpSuperSor-Stock-Delivery-BOPS,161953,Dune Taupe Outdoor Ottoman with Sunbrella ® Cushion,/dune-ottoman-with-sunbrella-cushion/s161953,3,
PdpSuperSor-Stock-Delivery-BOPS,533595,Ashore Grey Solid Mahogany Wood Outdoor Sofa with White Cushions,/ashore-grey-solid-mahogany-wood-outdoor-sofa-with-white-cushions/s533595,1,
PdpSuperSor-Stock-Delivery-BOPS,533625,Ashore Grey Solid Mahogany Wood Outdoor Lounge Chair with White Cushions,/ashore-grey-solid-mahogany-wood-outdoor-lounge-chair-with-white-cushions/s533625,2,
PdpSuperSor-Stock-Delivery-BOPS,545948,Dune Taupe Outdoor Counter Stool with Sunbrella ® Cushion,/dune-24-counter-stool-with-cushion/s545948,1,
PdpSuperSor-Stock-Delivery-BOPS,553662,Dune Taupe Outdoor Bar Stool with Sunbrella ® Cushion,/dune-30-bar-stool-with-cushion/s553662,4,
PdpSuperSorContent-MTO-DeliveryTerms,117995,Cambria Bouclé Chair and a Half,/cambria-boucle-chair-and-a-half/s117995,2,
PdpSuperSorContent-MTO-DeliveryTerms,118241,Cambria Bouclé Left-Arm Sofa,/cambria-boucle-left-arm-sofa/s118241,3,
PdpSuperSorContent-MTO-DeliveryTerms,118831,Cambria Green Velvet Chair and a Half,/cambria-green-velvet-chair-and-a-half/s118831,1,
PdpSuperSorContent-MTO-DeliveryTerms,119459,Timson White Roll-Arm Apartment Sofa,/timson-white-roll-arm-apartment-sofa/s119459,1,
PdpSuperSorContent-MTO-DeliveryTerms,121216,Timson White Grande Roll-Arm Sofa,/timson-white-grande-roll-arm-sofa/s121216,5,
PdpSuperSorContent-MTO-DeliveryTerms,121365,Timson White Roll-Arm Chair,/timson-white-roll-arm-chair/s121365,2,
PdpSuperSorContent-MTO-DeliveryTerms,121446,Timson 96" Green Roll-Arm Sofa,/timson-96-green-roll-arm-sofa/s121446,2,
PdpSuperSorContent-MTO-DeliveryTerms,121457,Timson Green Roll-Arm Apartment Sofa,/timson-green-roll-arm-apartment-sofa/s121457,3,
PdpSuperSorContent-MTO-DeliveryTerms,121477,Timson Green Grande Roll Arm Sofa,/timson-green-grande-roll-arm-sofa/s121477,4,
PdpSuperSorContent-MTO-DeliveryTerms,121542,Timson Green Roll-Arm Chair,/timson-green-roll-arm-chair/s121542,1,
PdpSuperSorContent-MTO-DeliveryTerms,123081,Cambria Bouclé 2-Piece Right-Arm Chaise Sectional Sofa,/cambria-boucle-2-piece-right-arm-chaise-sectional-sofa/s123081,3,
PdpSuperSorContent-MTO-DeliveryTerms,123112,Cambria Bouclé 2-Piece Left-Arm Chaise Sectional Sofa,/cambria-boucle-2-piece-left-arm-chaise-sectional-sofa/s123112,1,
PdpSuperSorContent-MTO-DeliveryTerms,123120,Cambria Boucle 3-Piece Corner Wedge Sectional Sofa,/cambria-boucle-3-piece-corner-wedge-sectional-sofa/s123120,2,
PdpSuperSorContent-MTO-DeliveryTerms,123268,Cambria Green Velvet 3-Piece Wedge Sectional Sofa,/cambria-green-velvet-3-piece-wedge-sectional-sofa/s123268,5,
PdpSuperSorContent-MTO-DeliveryTerms,123511,Cambria Green Velvet 3-Piece Corner Sectional Sofa,/cambria-green-velvet-3-piece-corner-sectional-sofa/s123511,4,
PdpSuperSorContent-MTO-DeliveryTerms,123549,Timson White 2-Piece Right Arm Chaise Sectional Sofa,/timson-white-2-piece-right-arm-chaise-sectional-sofa/s123549,3,
PdpSuperSorContent-MTO-DeliveryTerms,123567,Timson White 2-Piece Left Arm Chaise Sectional Sofa,/timson-white-2-piece-left-arm-chaise-sectional-sofa/s123567,4,
PdpSuperSorContent-MTO-DeliveryTerms,123581,Timson Green Velvet 2-Piece Right Arm Chaise Sectional Sofa,/timson-green-velvet-2-piece-right-arm-chaise-sectional-sofa/s123581,5,
PdpSuperSorContent-MTO-DeliveryTerms,366662,Ottilie Leather Brass Ottoman,/ottilie-leather-brass-ottoman/s366662,1,
PdpSuperSorContent-REF-DeliveryTerms,117332,Pacific Leather Chair with Wood Legs,/pacific-leather-chair-with-wood-legs/s117332,1,
PdpSuperSorContent-REF-DeliveryTerms,124352,Pacific 2-Piece Leather Left-Arm Chaise Sectional Sofa with Wood Legs,/pacific-2-piece-leather-left-arm-chaise-sectional-sofa-with-wood-legs/s124352,2,
PdpSuperSorContent-REF-DeliveryTerms,124366,Pacific Deep-Seat 2-Piece Chaise Sectional Sofa with Wood Legs,/pacific-deep-seat-2-piece-chaise-sectional-sofa-with-wood-legs/s124366,3,
PdpSuperSorContent-REF-DeliveryTerms,124436,Pacific Deep-Seat 3-Piece L-Shaped Sectional Sofa,/pacific-deep-seat-3-piece-l-shaped-sectional-sofa/s124436,1,
PdpSuperSorContent-REF-DeliveryTerms,124499,Pacific Deep-Seat 3-Piece U-Shaped Sectional Sofa with Wood Legs,/pacific-deep-seat-3-piece-u-shaped-sectional-sofa-with-wood-legs/s124499,4,
PdpSuperSorContent-REF-DeliveryTerms,124504,Pacific Deep-Seat 4-Piece U-Shaped Sectional Sofa with Wood Legs,/pacific-deep-seat-4-piece-u-shaped-sectional-sofa-with-wood-legs/s124504,5,
PdpSuperSorContent-REF-DeliveryTerms,421063,Axis Reversible Queen Sleeper Sectional Sofa,/Axis-queen-sleeper-lounger/s421063,3,
PdpSuperSorContent-REF-DeliveryTerms,421102,Axis Reversible Queen Sleeper Sectional Sofa with Air Mattress,/Axis-queen-sleeper-lounger-with-air-mattress/s421102,4,
PdpSuperSorContent-REF-DeliveryTerms,421241,Axis Leather Left Arm Queen Sleeper Sectional Sofa,/axis-leather-left-arm-queen-sleeper-sectional-sofa/s421241,5,
PdpSuperSorContent-REF-DeliveryTerms,484126,Cavett Wood Frame Chair,/cavett-wood-frame-chair/s484126,2,
PdpSuperSorContent-REF-DeliveryTerms,486806,Cavett Wood Frame Ottoman,/cavett-wood-frame-ottoman/s486806,1,
PdpSuperSorContent-REF-Ship,524478,Ever Cocktail Ottoman Slipcover Only,/ever-cocktail-ottoman-slipcover-only/s524478,1,
PdpSuperSorContent-Stock-Delivery,106084,Cooper Armless Leather Accent Chair,/cooper-armless-leather-accent-chair/s106084,1,
PdpSuperSorContent-Stock-Delivery,113242,Jesper Mid-Century Leather Accent Chair,/jesper-mid-century-leather-accent-chair/s113242,5,
PdpSuperSorContent-Stock-Delivery,124162,Avondale Wood Leg 2-Piece Small Right-Arm Chaise Sectional Sofa,/avondale-wood-leg-2-piece-small-right-arm-chaise-sectional-sofa/s124162,1,
PdpSuperSorContent-Stock-Delivery,124348,Avondale Wood Leg 2-Piece Small Left-Arm Chaise Sectional Sofa,/avondale-wood-leg-2-piece-small-left-arm-chaise-sectional-sofa/s124348,2,
PdpSuperSorContent-Stock-Delivery,124388,Avondale Wood Leg 3-Piece Right-Arm L-Shaped Sectional Sofa,/avondale-wood-leg-3-piece-right-arm-l-shaped-sectional-sofa/s124388,3,
PdpSuperSorContent-Stock-Delivery,124395,Avondale Wood Leg 3-Piece Left-Arm L-Shaped Sectional Sofa,/avondale-wood-leg-3-piece-left-arm-l-shaped-sectional-sofa/s124395,4,
PdpSuperSorContent-Stock-Delivery,124802,Pacific 3-Piece Small L-Shaped Sectional Sofa with Wood Legs,/pacific-3-piece-small-l-shaped-sectional-sofa-with-wood-legs/s124802,5,
PdpSuperSorContent-Stock-Delivery,220334,Greer Leather Wood Arm Recliner Accent Chair,/greer-leather-recliner/s220334,1,
PdpSuperSorContent-Stock-Delivery,241291,Notch Swivel Chair,/notch-swivel-chair/s241291,3,
PdpSuperSorContent-Stock-Delivery,241855,Avondale Wood Leg Chair,/avondale-wood-leg-chair/s241855,1,
PdpSuperSorContent-Stock-Delivery,254309,Cavett Leather Wood Frame Ottoman,/cavett-leather-ottoman/s254309,1,
PdpSuperSorContent-Stock-Delivery,276730,Verne Chair with Cushions,/verne-chair-with-cushions/s276730,2,
PdpSuperSorContent-Stock-Delivery,305270,Drew Small Swivel Accent Chair,/drew-small-swivel-accent-chair/s305270,3,
PdpSuperSorContent-Stock-Delivery,406555,Infiniti Swivel Accent Chair,/infiniti-swivel-accent-chair/s406555,2,
PdpSuperSorContent-Stock-Delivery,406598,Infiniti Swivel Accent Chair,/infiniti-swivel-accent-chair/s406598,3,
PdpSuperSorContent-Stock-Delivery,535300,Infiniti Ottoman,/infiniti-ottoman/s535300,2,
PdpSuperSorContent-Stock-Delivery,537212,Gather Swivel Chair,/gather-swivel-chair/s537212,4,
PdpSuperSorContent-Stock-Delivery,537229,Gather Swivel Chair,/gather-swivel-chair/s537229,5,
PdpSuperSorContent-Stock-Delivery,537247,Gather Deep Storage Ottoman,/gather-deep-storage-ottoman/s537247,4,
PdpSuperSorContent-Stock-Delivery,549906,Ankara Natural Cane Chair with Ivory Cushion,/ankara-natural-cane-chair-with-ivory-cushion/s549906,2,
PdpSuperSorContent-Stock-Delivery,597711,Timson 96" White Roll-Arm Sofa,/timson-96-white-roll-arm-sofa/s597711,1,
PdpSuperSorKids-EA-Ship,569605,Yellow Star Kids Stainless Steel Water Bottle,/yellow-star-kids-stainless-steel-water-bottle/s569605,1,
PlpCollectionSectional,0,sectional collection,/sectional-planner-collections/,1,3/16/2023 10:23:12
PlpFamily,0,product listing family,/crate-kitchen/summer-recipes/1,1,3/16/2023 10:23:12
PlpFamily,0,product listing family,/holiday/international-womens-day-collection/1,1,3/16/2023 10:23:12
PlpFamily,0,product listing family,/interior-design/book-an-appointment/1,1,3/16/2023 10:23:12
PlpFamily,0,product listing family,/outdoor-furniture/outdoor-cookware-gadgets/1,1,3/16/2023 10:23:12
PlpFamily,0,product listing family,/outdoor-furniture/pizza-tools-and-ovens/1,1,3/16/2023 10:23:12
PlpFamilyFurniture,0,product listing family furniture 3,/furniture-sectional-sofas/gather-sectional-sofas/1,1,3/16/2023 10:23:12
PlpFamilyFurniture,0,product listing family furniture 3,/furniture-sectional-sofas/lotus-sectional-sofas/1,2,3/16/2023 10:23:12
PlpFamilyFurniture,0,product listing family furniture 3,/furniture/crawford-collection-by-jake-arnold/1,1,3/16/2023 10:23:12
PlpFamilyFurniture,0,product listing family furniture 3,/interior-design/mudroom-redesign-by-design-desk/1,1,3/16/2023 10:23:12
PlpFamilyFurniture,0,product listing family furniture 3,/outdoor-furniture/outdoor-kitchen-furniture/1,1,3/16/2023 10:23:12
PlpFamilyFurniture,0,product listing family furniture 3,/special-features/walker-outdoor/1,1,3/16/2023 10:23:12
PlpFamilyFurnitureKids,0,product listing family furniture 3 kids,/kids/bunk-beds-loft-beds/1,1,3/16/2023 10:23:12
PlpFamilyFurnitureKids,0,product listing family furniture 3 kids,/kids/changing-tables/1,2,3/16/2023 10:23:12
PlpFamilyFurnitureKids,0,product listing family furniture 3 kids,/kids/new-kids-furniture/1,1,3/16/2023 10:23:12
PlpFamilyFurnitureKids,0,product listing family furniture 3 kids,/kids/nursery-dressers/1,2,3/16/2023 10:23:12
PlpFamilyFurnitureKids,0,product listing family furniture 3 kids,/kids/nursery-nightstands/1,3,3/16/2023 10:23:12
PlpFamilyKids,0,product listing family kids,/kids/bedroom-nursery-furniture-collections/1,1,3/16/2023 10:23:12
PlpFamilyKids,0,product listing family kids,/kids/greenguard-furniture/1,1,3/16/2023 10:23:12
PlpFamilyKids,0,product listing family kids,/kids/multifunctional-furniture/1,1,3/16/2023 10:23:12
PlpFamilyKids,0,product listing family kids,/kids/reading-nook-design/1,1,3/16/2023 10:23:12
PlpFamilyKids,0,product listing family kids,/kids/shared-spaces/1,1,3/16/2023 10:23:12
PlpProduct,0,product listing sku,/dining-and-entertaining/alma-drinkware/1,1,3/16/2023 10:23:12
PlpProduct,0,product listing sku,/dining-and-entertaining/camille-drinkware/1,2,3/16/2023 10:23:12
PlpProduct,0,product listing sku,/dining-and-entertaining/craft-drinkware/1,3,3/16/2023 10:23:12
PlpProduct,0,product listing sku,/dining-and-entertaining/edge-drinkware/1,1,3/16/2023 10:23:12
PlpProduct,0,product listing sku,/dining-and-entertaining/lucia-drinkware/1,2,3/16/2023 10:23:12
PlpProductFurniture,0,product listing sku furniture,/furniture/entertainment-centers/1,1,3/16/2023 10:23:12
PlpProductFurniture,0,product listing sku furniture,/furniture/gather-wood-base-collection/1,2,3/16/2023 10:23:12
PlpProductFurniture,0,product listing sku furniture,/furniture/tv-stands/1,1,3/16/2023 10:23:12
PlpProductFurniture,0,product listing sku furniture,/special-features/gather-collection/1,1,3/16/2023 10:23:12
PlpProductFurniture,0,product listing sku furniture,/special-features/ship-direct-office-chairs/1,2,3/16/2023 10:23:12
PlpProductKids,0,product listing sku kids,/kids/baby-crib-bedding-by-color/1,1,3/16/2023 10:23:12
PlpProductKids,0,product listing sku kids,/kids/clearance-kids-lighting/1,1,3/16/2023 10:23:12
PlpProductKids,0,product listing sku kids,/kids/how-to-choose-kids-baby-bedding/1,1,3/16/2023 10:23:12
PlpProductKids,0,product listing sku kids,/kids/kids-bedding-by-color/1,1,3/16/2023 10:23:12
PlpProductKids,0,product listing sku kids,/kids/kids-bedroom-bedding-by-color/1,2,3/16/2023 10:23:12
PlpRegistryBundle,0,product listing registry bundle,/wedding-gift-registry/couples-who-favor-quality/1,1,3/16/2023 10:23:12
PlpRegistryBundle,0,product listing registry bundle,/wedding-gift-registry/couples-who-have-everything/1,2,3/16/2023 10:23:12
PlpRegistryBundle,0,product listing registry bundle,/wedding-gift-registry/couples-whole-home-registry/1,3,3/16/2023 10:23:12
PlpRegistryBundle,0,product listing registry bundle,/wedding-gift-registry/kitchen-by-crate-essentials/1,4,3/16/2023 10:23:12
PlpRegistryBundle,0,product listing registry bundle,/wedding-gift-registry/leanne-fords-real-registry/1,5,3/16/2023 10:23:12
PlpRegistryBundleKids,0,product listing registry bundle kids,/baby-registry/actress-odette-annable-nursery/1,1,3/16/2023 10:23:12
PlpRegistryBundleKids,0,product listing registry bundle kids,/baby-registry/for-the-earthy-natural-nursery/1,2,3/16/2023 10:23:12
PlpRegistryBundleKids,0,product listing registry bundle kids,/baby-registry/for-the-playful-and-purposeful-nursery/1,3,3/16/2023 10:23:12
PlpRegistryBundleKids,0,product listing registry bundle kids,/baby-registry/for-the-relaxing-nursery/1,4,3/16/2023 10:23:12
PlpRegistryBundleKids,0,product listing registry bundle kids,/baby-registry/mandy-moore-taylor-goldsmith-baby-nursery/1,5,3/16/2023 10:23:12
PlpSeo,0,seo product listing,/dish-scrubber,1,3/16/2023 10:23:12
PlpSeo,0,seo product listing,/eco-friendly-pots-pans,1,3/16/2023 10:23:12
PlpSeo,0,seo product listing,/le-creuset-flame,1,3/16/2023 10:23:12
PlpSeo,0,seo product listing,/le-creuset-round-french-oven,2,3/16/2023 10:23:12
PlpSeo,0,seo product listing,/wood-plates,1,3/16/2023 10:23:12
PlpSeoKids,0,seo product listing kids,/baby-bedding-sets,1,3/16/2023 10:23:12
PlpSeoKids,0,seo product listing kids,/kids-bed-sheet-sets,1,3/16/2023 10:23:12
PlpSeoKids,0,seo product listing kids,/kids-nautical-bedding,1,3/16/2023 10:23:12
PlpSeoKids,0,seo product listing kids,/organic-baby-bedding,1,3/16/2023 10:23:12
PlpSeoKids,0,seo product listing kids,/organic-baby-clothes,2,3/16/2023 10:23:12
PlpWideFurniture,0,product listing wide furniture,/furniture/dining-tables/1,1,3/16/2023 10:23:12
SpategoryFamily,0,spategory family housewares 3,/interior-design/,1,3/16/2023 10:23:12
SpategoryFamily,0,spategory family housewares 3,/interior-design/design-desk-transformations/,1,3/16/2023 10:23:12
SpategoryFamily,0,spategory family housewares 3,/outdoor-furniture/outdoor-kitchen-and-entertaining/,1,3/16/2023 10:23:12
SpategoryFamily,0,spategory family housewares 3,/rugs/rugs-by-material/,1,3/16/2023 10:23:12
SpategoryFamily,0,spategory family housewares 3,/rugs/rugs-by-room/,2,3/16/2023 10:23:12
SpategoryFamilyFurniture,0,spategory family furniture 3,/furniture/leather-furniture/,1,3/16/2023 10:23:12
SpategoryFamilyKids,0,spategory family housewares 3 kids,/kids/baby-nursery-gear/,1,3/16/2023 10:23:12
SpategoryFamilyKids,0,spategory family housewares 3 kids,/kids/baby-nursery-storage/,2,3/16/2023 10:23:12
SpategoryFamilyKids,0,spategory family housewares 3 kids,/kids/baby-play-toys/,3,3/16/2023 10:23:12
SpategoryFamilyKids,0,spategory family housewares 3 kids,/kids/explore-baby-registry/,1,3/16/2023 10:23:12
SpategoryFamilyKids,0,spategory family housewares 3 kids,/kids/rugs-by-material/,1,3/16/2023 10:23:12
SpategoryProduct,0,spategory product housewares 3,/bed-and-bath/buying-guides-and-styling-ideas/,1,3/16/2023 10:23:12
SpategoryProduct,0,spategory product housewares 3,/crate-kitchen/meet-the-experts/,1,3/16/2023 10:23:12
SpategoryProduct,0,spategory product housewares 3,/decorating-and-accessories/buying-guides-and-styling-ideas/,1,3/16/2023 10:23:12
SpategoryProduct,0,spategory product housewares 3,/dining-and-entertaining/types-of-wine-and-cocktail-glass-guides/,1,3/16/2023 10:23:12
SpategoryProduct,0,spategory product housewares 3,/special-features/storage-and-organization-essentials/,1,3/16/2023 10:23:12
SpategoryProductFurniture,0,spategory product furniture 3,/furniture/buying-guide-and-styling-ideas/,1,3/16/2023 10:23:12
SpategoryProductFurniture,0,spategory product furniture 3,/furniture/living-room-furniture/,1,3/16/2023 10:23:12
SpategoryProductFurniture,0,spategory product furniture 3,/special-features/walker-furniture-collections/,1,3/16/2023 10:23:12
SpategoryProductFurnitureKids,0,spategory product furniture 3 kids,/kids/furniture-collections/,1,3/16/2023 10:23:12
SpategoryProductFurnitureKids,0,spategory product furniture 3 kids,/kids/in-stock-baby-kids-furniture/,1,3/16/2023 10:23:12
SpategoryProductFurnitureKids,0,spategory product furniture 3 kids,/kids/in-stock-kids-and-nursery-furniture/,2,3/16/2023 10:23:12
SpategoryProductKids,0,spategory product housewares 3 kids,/kids/baby-food-prep-feeding-sets-and-bibs/,1,3/16/2023 10:23:12
SpategoryProductKids,0,spategory product housewares 3 kids,/kids/bedding-by-color/,1,3/16/2023 10:23:12
SpategoryProductKids,0,spategory product housewares 3 kids,/kids/bedding-by-fabric/,2,3/16/2023 10:23:12
SpategoryProductKids,0,spategory product housewares 3 kids,/kids/furniture-buying-guides/,1,3/16/2023 10:23:12
SpategoryProductKids,0,spategory product housewares 3 kids,/kids/lighting-by-room/,1,3/16/2023 10:23:12
SuperCategory,0,supercategory page,/decorating-and-accessories/,1,3/16/2023 10:23:12
SuperCategory,0,supercategory page,/dining-and-entertaining/,1,3/16/2023 10:23:12
SuperCategory,0,supercategory page,/furniture/,1,3/16/2023 10:23:12
SuperCategory,0,supercategory page,/kitchen-and-food/,1,3/16/2023 10:23:12
SuperCategory,0,supercategory page,/sale/,1,3/16/2023 10:23:12
SuperCategory,0,supercategory page,/trade-program/,1,3/16/2023 10:23:12
SuperCategoryKids,0,supercategory page kids,/kids/bedding/,1,3/16/2023 10:23:12
SuperCategoryKids,0,supercategory page kids,/kids/decor/,1,3/16/2023 10:23:12
SuperCategoryKids,0,supercategory page kids,/kids/furniture/,1,3/16/2023 10:23:12
SuperCategoryKids,0,supercategory page kids,/kids/lighting/,1,3/16/2023 10:23:12
SuperCategoryKids,0,supercategory page kids,/kids/rugs/,1,3/16/2023 10:23:12